.y.,group1,group2,n1,n2,statistic,p,p.adj,p.adj.signif,trait,site
value,100% Sargassum (SG),25% SG,20,20,0.4691444883805349,0.6389663612230311,1,ns,diameter,OC
value,100% Sargassum (SG),75% SG,20,20,-1.497443744889034,0.13427783295785845,1,ns,diameter,OC
value,100% Sargassum (SG),Crushed glass,20,20,1.5983643615755443,0.1099619112067432,1,ns,diameter,OC
value,100% Sargassum (SG),Soil,20,20,1.4756230710108693,0.14004510810747303,1,ns,diameter,OC
value,25% SG,75% SG,20,20,-1.966588233269569,0.04923070110698303,0.49230701106983027,ns,diameter,OC
value,25% SG,Crushed glass,20,20,1.1292198731950094,0.25880509227365284,1,ns,diameter,OC
value,25% SG,Soil,20,20,1.0064785826303344,0.3141854091293333,1,ns,diameter,OC
value,75% SG,Crushed glass,20,20,3.0958081064645784,0.001962773387943988,0.019627733879439876,*,diameter,OC
value,75% SG,Soil,20,20,2.9730668158999034,0.0029484026080666523,0.029484026080666522,*,diameter,OC
value,Crushed glass,Soil,20,20,-0.12274129056467492,0.9023119659134852,1,ns,diameter,OC
value,100% Sargassum (SG),25% SG,20,20,1.657917768159447,0.09733406528760756,0.9733406528760756,ns,diameter,CP
value,100% Sargassum (SG),75% SG,20,20,-1.1234574350027835,0.2612432685194364,1,ns,diameter,CP
value,100% Sargassum (SG),Crushed glass,20,20,-1.2979750948090412,0.1942958932495589,1,ns,diameter,CP
value,100% Sargassum (SG),Soil,20,20,0.9952960285825626,0.3195923087573478,1,ns,diameter,CP
value,25% SG,75% SG,20,20,-2.7813752031622303,0.005412913754193914,0.05412913754193914,ns,diameter,CP
value,25% SG,Crushed glass,20,20,-2.955892862968488,0.003117653663315657,0.03117653663315657,*,diameter,CP
value,25% SG,Soil,20,20,-0.6626217395768844,0.5075728433678288,1,ns,diameter,CP
value,75% SG,Crushed glass,20,20,-0.17451765980625772,0.8614586532059147,1,ns,diameter,CP
value,75% SG,Soil,20,20,2.118753463585346,0.03411130746826763,0.3411130746826763,ns,diameter,CP
value,Crushed glass,Soil,20,20,2.293271123391604,0.02183240063994545,0.21832400639945448,ns,diameter,CP
value,100% Sargassum (SG),25% SG,20,20,4.76332149569792,1.9043207206484057e-6,1.9043207206484057e-5,****,diameter,PR
value,100% Sargassum (SG),75% SG,20,20,1.863315338809668,0.062417913331261114,0.6241791333126111,ns,diameter,PR
value,100% Sargassum (SG),Crushed glass,20,20,3.8548529630132666,1.1579920511878908e-4,0.0011579920511878908,**,diameter,PR
value,100% Sargassum (SG),Soil,20,20,5.02795046768114,4.957498823641052e-7,4.957498823641052e-6,****,diameter,PR
value,25% SG,75% SG,20,20,-2.900006156888253,0.003731553303268581,0.03731553303268581,*,diameter,PR
value,25% SG,Crushed glass,20,20,-0.9084685326846546,0.36363073175616734,1,ns,diameter,PR
value,25% SG,Soil,20,20,0.2646289719832191,0.7912952991420138,1,ns,diameter,PR
value,75% SG,Crushed glass,20,20,1.9915376242035983,0.04642181313868566,0.4642181313868566,ns,diameter,PR
value,75% SG,Soil,20,20,3.164635128871472,0.0015527753979886554,0.015527753979886554,*,diameter,PR
value,Crushed glass,Soil,20,20,1.1730975046678738,0.24075670707202546,1,ns,diameter,PR
value,100% Sargassum (SG),25% SG,20,20,0.4121794261712272,0.6802079157802663,1,ns,epi_length,OC
value,100% Sargassum (SG),75% SG,20,20,-1.275008358289663,0.20230628360283467,1,ns,epi_length,OC
value,100% Sargassum (SG),Crushed glass,20,20,0.7941323610898972,0.4271183800193949,1,ns,epi_length,OC
value,100% Sargassum (SG),Soil,20,20,2.4318586144102405,0.0150215697164241,0.15021569716424102,ns,epi_length,OC
value,25% SG,75% SG,20,20,-1.6871877844608902,0.0915672495135089,0.9156724951350891,ns,epi_length,OC
value,25% SG,Crushed glass,20,20,0.38195293491866994,0.7024962751115857,1,ns,epi_length,OC
value,25% SG,Soil,20,20,2.0196791882390133,0.04341667521015947,0.43416675210159467,ns,epi_length,OC
value,75% SG,Crushed glass,20,20,2.0691407193795603,0.03853288361802053,0.3853288361802053,ns,epi_length,OC
value,75% SG,Soil,20,20,3.7068669726999035,2.0983909257179774e-4,0.0020983909257179774,**,epi_length,OC
value,Crushed glass,Soil,20,20,1.6377262533203434,0.10147881147936592,1,ns,epi_length,OC
value,100% Sargassum (SG),25% SG,20,20,1.4686064399961825,0.14193956709918848,1,ns,epi_length,CP
value,100% Sargassum (SG),75% SG,20,20,2.097224897489875,0.03597367149498821,0.3597367149498821,ns,epi_length,CP
value,100% Sargassum (SG),Crushed glass,20,20,2.473297948479552,0.013387248043003175,0.13387248043003175,ns,epi_length,CP
value,100% Sargassum (SG),Soil,20,20,3.2528946381223856,0.0011423584625574765,0.011423584625574764,*,epi_length,CP
value,25% SG,75% SG,20,20,0.6286184574936924,0.5295988736465876,1,ns,epi_length,CP
value,25% SG,Crushed glass,20,20,1.0046915084833696,0.31504541826636495,1,ns,epi_length,CP
value,25% SG,Soil,20,20,1.784288198126203,0.07437684697169505,0.7437684697169505,ns,epi_length,CP
value,75% SG,Crushed glass,20,20,0.3760730509896771,0.7068625883962253,1,ns,epi_length,CP
value,75% SG,Soil,20,20,1.1556697406325105,0.2478162697659735,1,ns,epi_length,CP
value,Crushed glass,Soil,20,20,0.7795966896428335,0.43562830504202277,1,ns,epi_length,CP
value,100% Sargassum (SG),25% SG,20,20,5.650419804268742,1.600564655542149e-8,1.600564655542149e-7,****,epi_length,PR
value,100% Sargassum (SG),75% SG,20,20,3.4541046538515685,5.521230741810874e-4,0.005521230741810874,**,epi_length,PR
value,100% Sargassum (SG),Crushed glass,20,20,4.766939649777623,1.8704530689809604e-6,1.8704530689809604e-5,****,epi_length,PR
value,100% Sargassum (SG),Soil,20,20,4.018320951891068,5.86143233764551e-5,5.86143233764551e-4,***,epi_length,PR
value,25% SG,75% SG,20,20,-2.196315150417173,0.02806939407032572,0.2806939407032572,ns,epi_length,PR
value,25% SG,Crushed glass,20,20,-0.8834801544911189,0.37697690036444087,1,ns,epi_length,PR
value,25% SG,Soil,20,20,-1.6320988523776738,0.10265866349285012,1,ns,epi_length,PR
value,75% SG,Crushed glass,20,20,1.3128349959260541,0.18923855481419177,1,ns,epi_length,PR
value,75% SG,Soil,20,20,0.5642162980394992,0.5726069373373719,1,ns,epi_length,PR
value,Crushed glass,Soil,20,20,-0.7486186978865548,0.4540870591074296,1,ns,epi_length,PR
value,100% Sargassum (SG),25% SG,20,20,3.311298630829249,9.286404885342721e-4,0.00928640488534272,**,hypo_length,OC
value,100% Sargassum (SG),75% SG,20,20,0.008176046002047839,0.9934765318064711,1,ns,hypo_length,OC
value,100% Sargassum (SG),Crushed glass,20,20,2.319271715914149,0.02038030803691066,0.20380308036910658,ns,hypo_length,OC
value,100% Sargassum (SG),Soil,20,20,2.8098344760370004,0.004956698503275391,0.049566985032753905,*,hypo_length,OC
value,25% SG,75% SG,20,20,-3.3031225848272014,9.561458036593736e-4,0.009561458036593735,**,hypo_length,OC
value,25% SG,Crushed glass,20,20,-0.9920269149151003,0.3211843961486854,1,ns,hypo_length,OC
value,25% SG,Soil,20,20,-0.5014641547922486,0.6160444988272105,1,ns,hypo_length,OC
value,75% SG,Crushed glass,20,20,2.311095669912101,0.0208275711156051,0.208275711156051,ns,hypo_length,OC
value,75% SG,Soil,20,20,2.8016584300349527,0.005084067090938108,0.05084067090938108,ns,hypo_length,OC
value,Crushed glass,Soil,20,20,0.4905627601228517,0.6237357307700584,1,ns,hypo_length,OC
value,100% Sargassum (SG),25% SG,20,20,3.5921712498910843,3.2793422331850886e-4,0.0032793422331850886,**,hypo_length,CP
value,100% Sargassum (SG),75% SG,20,20,0.1444499819758937,0.8851451507196256,1,ns,hypo_length,CP
value,100% Sargassum (SG),Crushed glass,20,20,2.183102557786615,0.029028258269412535,0.2902825826941253,ns,hypo_length,CP
value,100% Sargassum (SG),Soil,20,20,1.8342422239580427,0.06661804622905149,0.6661804622905149,ns,hypo_length,CP
value,25% SG,75% SG,20,20,-3.4477212679151905,5.653371284852658e-4,0.005653371284852658,**,hypo_length,CP
value,25% SG,Crushed glass,20,20,-1.409068692104469,0.15881485730833922,1,ns,hypo_length,CP
value,25% SG,Soil,20,20,-1.7579290259330413,0.07875958632933219,0.787595863293322,ns,hypo_length,CP
value,75% SG,Crushed glass,20,20,2.0386525758107212,0.0414847139921249,0.414847139921249,ns,hypo_length,CP
value,75% SG,Soil,20,20,1.689792241982149,0.09106770855415378,0.9106770855415378,ns,hypo_length,CP
value,Crushed glass,Soil,20,20,-0.34886033382857223,0.7271941655271893,1,ns,hypo_length,CP
value,100% Sargassum (SG),25% SG,20,20,5.485896386202077,4.113779826701977e-8,4.113779826701977e-7,****,hypo_length,PR
value,100% Sargassum (SG),75% SG,20,20,4.055148446432534,5.01024738889899e-5,5.01024738889899e-4,***,hypo_length,PR
value,100% Sargassum (SG),Crushed glass,20,20,4.390352249464255,1.1316718819928386e-5,1.1316718819928386e-4,***,hypo_length,PR
value,100% Sargassum (SG),Soil,20,20,3.714494175058833,2.036105595716011e-4,0.002036105595716011,**,hypo_length,PR
value,25% SG,75% SG,20,20,-1.430747939769543,0.1525024683298107,1,ns,hypo_length,PR
value,25% SG,Crushed glass,20,20,-1.095544136737822,0.27327832018499476,1,ns,hypo_length,PR
value,25% SG,Soil,20,20,-1.7714022111432437,0.07649384116939806,0.7649384116939806,ns,hypo_length,PR
value,75% SG,Crushed glass,20,20,0.33520380303172104,0.737471353422221,1,ns,hypo_length,PR
value,75% SG,Soil,20,20,-0.34065427137370075,0.7333638677895646,1,ns,hypo_length,PR
value,Crushed glass,Soil,20,20,-0.6758580744054218,0.4991307586982573,1,ns,hypo_length,PR
value,100% Sargassum (SG),25% SG,20,20,3.2950652036545334,9.83988452849279e-4,0.00983988452849279,**,total_height,OC
value,100% Sargassum (SG),75% SG,20,20,-0.005450893637146095,0.9956508376615801,1,ns,total_height,OC
value,100% Sargassum (SG),Crushed glass,20,20,2.3030025616940284,0.021278698962503315,0.21278698962503315,ns,total_height,OC
value,100% Sargassum (SG),Soil,20,20,2.8698954999571735,0.004106074745244258,0.04106074745244258,*,total_height,OC
value,25% SG,75% SG,20,20,-3.3005160972916796,9.650717717558782e-4,0.009650717717558783,**,total_height,OC
value,25% SG,Crushed glass,20,20,-0.9920626419605048,0.32116696880929496,1,ns,total_height,OC
value,25% SG,Soil,20,20,-0.42516970369735974,0.6707129679662223,1,ns,total_height,OC
value,75% SG,Crushed glass,20,20,2.3084534553311746,0.020973928774457872,0.20973928774457873,ns,total_height,OC
value,75% SG,Soil,20,20,2.8753463935943198,0.0040358446506058125,0.040358446506058125,*,total_height,OC
value,Crushed glass,Soil,20,20,0.566892938263145,0.5707869222489081,1,ns,total_height,OC
value,100% Sargassum (SG),25% SG,20,20,3.5648416432185592,3.6407593715549427e-4,0.0036407593715549426,**,total_height,CP
value,100% Sargassum (SG),75% SG,20,20,0.27526682413231973,0.7831112507648496,1,ns,total_height,CP
value,100% Sargassum (SG),Crushed glass,20,20,2.2593682891652795,0.023860485250254977,0.23860485250254976,ns,total_height,CP
value,100% Sargassum (SG),Soil,20,20,1.940494839427839,0.05231958073714241,0.523195807371424,ns,total_height,CP
value,25% SG,75% SG,20,20,-3.2895748190862393,0.0010033887630946806,0.010033887630946805,*,total_height,CP
value,25% SG,Crushed glass,20,20,-1.3054733540532797,0.1917317146611666,1,ns,total_height,CP
value,25% SG,Soil,20,20,-1.62434680379072,0.10430181349874201,1,ns,total_height,CP
value,75% SG,Crushed glass,20,20,1.9841014650329596,0.0472445298531028,0.47244529853102796,ns,total_height,CP
value,75% SG,Soil,20,20,1.6652280152955192,0.09586727371472421,0.9586727371472421,ns,total_height,CP
value,Crushed glass,Soil,20,20,-0.31887344973744036,0.7498224781994091,1,ns,total_height,CP
value,100% Sargassum (SG),25% SG,20,20,5.630519655059442,1.7966746385613307e-8,1.7966746385613307e-7,****,total_height,PR
value,100% Sargassum (SG),75% SG,20,20,3.992599852208172,6.53527988287613e-5,6.53527988287613e-4,***,total_height,PR
value,100% Sargassum (SG),Crushed glass,20,20,4.469531575168192,7.839108665401312e-6,7.839108665401312e-5,****,total_height,PR
value,100% Sargassum (SG),Soil,20,20,3.839981700860965,1.2304348142832988e-4,0.0012304348142832989,**,total_height,PR
value,25% SG,75% SG,20,20,-1.6379198028512703,0.10143842439791305,1,ns,total_height,PR
value,25% SG,Crushed glass,20,20,-1.1609880798912497,0.24564674703629297,1,ns,total_height,PR
value,25% SG,Soil,20,20,-1.7905379541984767,0.0733674713922041,0.7336747139220411,ns,total_height,PR
value,75% SG,Crushed glass,20,20,0.4769317229600205,0.6334107415900047,1,ns,total_height,PR
value,75% SG,Soil,20,20,-0.1526181513472064,0.8786994099888635,1,ns,total_height,PR
value,Crushed glass,Soil,20,20,-0.6295498743072269,0.5289891278984793,1,ns,total_height,PR
value,100% Sargassum (SG),25% SG,20,20,2.8122391386873544,0.0049197911337712655,0.04919791133771265,*,mass,OC
value,100% Sargassum (SG),75% SG,20,20,0.177127465130502,0.8594082689536036,1,ns,mass,OC
value,100% Sargassum (SG),Crushed glass,20,20,2.3871332223741497,0.01698033676859727,0.1698033676859727,ns,mass,OC
value,100% Sargassum (SG),Soil,20,20,2.199105605543309,0.027870414048595797,0.278704140485958,ns,mass,OC
value,25% SG,75% SG,20,20,-2.6351116735568527,0.00841096058131587,0.08410960581315871,ns,mass,OC
value,25% SG,Crushed glass,20,20,-0.42510591631320466,0.6707594652082103,1,ns,mass,OC
value,25% SG,Soil,20,20,-0.6131335331440454,0.5397880491845427,1,ns,mass,OC
value,75% SG,Crushed glass,20,20,2.210005757243648,0.02710476273186114,0.2710476273186114,ns,mass,OC
value,75% SG,Soil,20,20,2.021978140412807,0.043178610196581105,0.431786101965811,ns,mass,OC
value,Crushed glass,Soil,20,20,-0.18802761683084074,0.8508550021762319,1,ns,mass,OC
value,100% Sargassum (SG),25% SG,20,20,2.784988759436508,0.005352957869831251,0.053529578698312506,ns,mass,CP
value,100% Sargassum (SG),75% SG,20,20,-0.8992625152779332,0.36851284854737276,1,ns,mass,CP
value,100% Sargassum (SG),Crushed glass,20,20,1.288942938565038,0.19741792485907428,1,ns,mass,CP
value,100% Sargassum (SG),Soil,20,20,1.3897693417931696,0.1645989306245165,1,ns,mass,CP
value,25% SG,75% SG,20,20,-3.684251274714441,2.293758813509268e-4,0.0022937588135092677,**,mass,CP
value,25% SG,Crushed glass,20,20,-1.4960458208714702,0.13464171503320027,1,ns,mass,CP
value,25% SG,Soil,20,20,-1.3952194176433386,0.16294968326712173,1,ns,mass,CP
value,75% SG,Crushed glass,20,20,2.188205453842971,0.028654640024502385,0.28654640024502387,ns,mass,CP
value,75% SG,Soil,20,20,2.2890318570711026,0.022077501487703884,0.22077501487703882,ns,mass,CP
value,Crushed glass,Soil,20,20,0.1008264032281316,0.919688266896137,1,ns,mass,CP
value,100% Sargassum (SG),25% SG,20,20,4.793327328652744,1.6403765075214907e-6,1.6403765075214908e-5,****,mass,PR
value,100% Sargassum (SG),75% SG,20,20,3.373586829375836,7.419564204682517e-4,0.007419564204682517,**,mass,PR
value,100% Sargassum (SG),Crushed glass,20,20,3.7387408157541575,1.8494427948544023e-4,0.0018494427948544023,**,mass,PR
value,100% Sargassum (SG),Soil,20,20,4.281021735823456,1.860371841389256e-5,1.8603718413892558e-4,***,mass,PR
value,25% SG,75% SG,20,20,-1.4197404992769074,0.15568324296733557,1,ns,mass,PR
value,25% SG,Crushed glass,20,20,-1.0545865128985858,0.29161447478533514,1,ns,mass,PR
value,25% SG,Soil,20,20,-0.5123055928292872,0.6084371516200051,1,ns,mass,PR
value,75% SG,Crushed glass,20,20,0.3651539863783217,0.7149964637249384,1,ns,mass,PR
value,75% SG,Soil,20,20,0.9074349064476203,0.364176857360492,1,ns,mass,PR
value,Crushed glass,Soil,20,20,0.5422809200692985,0.5876249975293997,1,ns,mass,PR
